<?xml version="1.0" encoding="UTF-8"?>
<mule xmlns:https="http://www.mulesoft.org/schema/mule/https"
	xmlns:jdbc="http://www.mulesoft.org/schema/mule/jdbc" xmlns:context="http://www.springframework.org/schema/context" xmlns:cxf="http://www.mulesoft.org/schema/mule/cxf"
	xmlns:http="http://www.mulesoft.org/schema/mule/http"
	xmlns:jdbc-ee="http://www.mulesoft.org/schema/mule/ee/jdbc" 
	xmlns:data-mapper="http://www.mulesoft.org/schema/mule/ee/data-mapper" 
	xmlns:file="http://www.mulesoft.org/schema/mule/file" 
	xmlns="http://www.mulesoft.org/schema/mule/core" 
	xmlns:doc="http://www.mulesoft.org/schema/mule/documentation" 
	xmlns:spring="http://www.springframework.org/schema/beans" version="EE-3.3.2" 
	xmlns:xsi="http://www.w3.org/2001/XMLSchema-instance" xsi:schemaLocation="
http://www.mulesoft.org/schema/mule/https http://www.mulesoft.org/schema/mule/https/current/mule-https.xsd http://www.mulesoft.org/schema/mule/jdbc http://www.mulesoft.org/schema/mule/jdbc/current/mule-jdbc.xsd 
http://www.mulesoft.org/schema/mule/http http://www.mulesoft.org/schema/mule/http/current/mule-http.xsd 
http://www.mulesoft.org/schema/mule/ee/jdbc http://www.mulesoft.org/schema/mule/ee/jdbc/current/mule-jdbc-ee.xsd 
http://www.springframework.org/schema/beans http://www.springframework.org/schema/beans/spring-beans-current.xsd 
http://www.mulesoft.org/schema/mule/core http://www.mulesoft.org/schema/mule/core/current/mule.xsd 
http://www.mulesoft.org/schema/mule/cxf http://www.mulesoft.org/schema/mule/cxf/current/mule-cxf.xsd 
http://www.mulesoft.org/schema/mule/ee/data-mapper http://www.mulesoft.org/schema/mule/ee/data-mapper/current/mule-data-mapper.xsd 
http://www.mulesoft.org/schema/mule/file http://www.mulesoft.org/schema/mule/file/current/mule-file.xsd ">
    
   <context:property-placeholder location="file://${conf_path}/ibroker_performance/iBroker-Performance-service.properties" />    
   <spring:beans>
      <spring:import resource="classpath:iBroker-Performance-sql-query.xml" /> 
   </spring:beans>

   <jdbc-ee:oracle-data-source name="Oracle_Data_Source" user="${database.username}" 
   						password="${database.password}" url="${database.url}" 
   						transactionIsolation="READ_COMMITTED"/>

   <jdbc-ee:oracle-data-source name="Oracle_read_Data_Source" user="${database.read.username}" 
   						password="${database.read.password}" url="${database.url}" 
   						transactionIsolation="READ_COMMITTED"/>

   <jdbc-ee:connector name="IBrokerDatabase" dataSource-ref="Oracle_Data_Source" 
   					validateConnections="true" queryTimeout="-1" 
   					transactionPerMessage="false" pollingFrequency="0">
	</jdbc-ee:connector>
  
   <jdbc-ee:connector name="IBrokerReadDatabase" dataSource-ref="Oracle_read_Data_Source" 
   					validateConnections="true" queryTimeout="-1" 
   					transactionPerMessage="false" pollingFrequency="0">   	   	   					
   </jdbc-ee:connector>
            
   <flow name="PerformanceFlow">
   	 <http:inbound-endpoint address="${app.ibrokerperformance.url}/iBroker-Performance" 
    							exchange-pattern="request-response">  		
       	<cxf:jaxws-service serviceClass="com.jpmc.gti.automation.performance.IBrokerPerformanceService"/>
     </http:inbound-endpoint>

     <choice doc:name="Choice">
        <when expression="#[flowVars['cxf_operation'].getLocalPart().equals('readTransaction')]">
            <processor-chain>
                <logger level="INFO"
                		message="calling readTransaction method with payload, #[message.payload]"/>
                <flow-ref name="readTransactionFlow"/>
            </processor-chain>         	
        </when>         	

        <when expression="#[flowVars['cxf_operation'].getLocalPart().equals('updateTransaction')]">
            <processor-chain>
                <logger level="INFO"
                		message="calling updateTransaction method with payload, #[message.payload]"/>
                <flow-ref name="updateTransactionFlow"/>
            </processor-chain>         	
        </when>         	
        
        <otherwise>
       		<logger level="INFO" message="Not a valid service request, #[message.payload]"/>
        </otherwise>
     </choice>        
   </flow>
    
   <flow name="updateTransactionFlow">
        <!--  the service business logic layer -->
        <component class="com.jpmc.gti.automation.performance.IBrokerPerformanceService"/>          
        <custom-transformer 
        class="com.jpmc.gti.automation.performance.transformer.UpdateTransactionItemQueryMessageTransformer"/>
                  
		<choice-exception-strategy>
        	<catch-exception-strategy>      	
        		<set-payload value="#[exception.getCauseException()]"/>
        		<custom-transformer class="com.jpmc.gti.automation.performance.IBrokerPerformanceServiceException">
        		</custom-transformer>        		        	
        	</catch-exception-strategy>
		</choice-exception-strategy>
   </flow>
    
   <flow name="readTransactionFlow">
      <!--  the service business logic layer -->
      <component class="com.jpmc.gti.automation.performance.IBrokerPerformanceService"/>  
      <custom-transformer 
      class="com.jpmc.gti.automation.performance.transformer.ReadTransactionItemQueryMessageTransformer"/>
      
      <choice-exception-strategy>
       	<catch-exception-strategy>      	
       		<set-payload value="#[exception.getCauseException()]"/>
       		<custom-transformer class="com.jpmc.gti.automation.performance.IBrokerPerformanceServiceException"/>        		        	
       	</catch-exception-strategy>
	  </choice-exception-strategy>
   </flow>    
</mule>