<?xml version="1.0" encoding="UTF-8"?>
<beans xmlns="http://www.springframework.org/schema/beans" 
	xmlns:xsi="http://www.w3.org/2001/XMLSchema-instance"  
	xsi:schemaLocation=" 
	http://www.springframework.org/schema/beans http://www.springframework.org/schema/beans/spring-beans-2.5.xsd">
	
   <bean id="createTransaction" class="java.lang.String">
  	<constructor-arg value="{? = call IBRKAUD_OWNER.PKG_TRANSACTION.create_transaction_item(?,?,?,?,?)}"/> 
  </bean>
  
  <bean id="updateTransaction" class="java.lang.String">
  	<constructor-arg value="{call IBRKAUD_OWNER.PKG_TRANSACTION.update_transaction_item(?,?,?)}"/> 
  </bean>

   <bean id="readTransaction" class="java.lang.String">
  	<constructor-arg value="{? = call IBRKAUD_OWNER.PKG_TRANSACTION.read_transaction_item(?,?,?,?,?)}"/> 
  </bean>
	
</beans>

